nights,stay_calc,check_in_time,check_out_time
0,0,2023-03-28 15:57:01.260,2023-03-29 11:00:00
0,0,2023-03-28 15:40:43.050,2023-03-29 11:00:00
0,0,2023-05-09 12:58:05.925,2023-05-10 11:00:00
0,0,2023-05-20 18:12:04.095,2023-05-21 11:00:00
0,-1,2023-01-29 11:40:26.985,2023-01-29 11:00:00
0,-1,2023-01-31 11:52:12.585,2023-01-31 11:00:00
0,0,2023-07-19 13:46:35.715,2023-07-20 11:00:00
0,-1,2023-07-16 11:49:54.570,2023-07-16 11:00:00
0,0,2023-01-11 12:28:03.090,2023-01-12 11:00:00
0,0,2023-07-19 15:12:10.485,2023-07-20 11:00:00
0,-1,2023-01-25 11:20:12.300,2023-01-25 11:00:00
0,0,2023-03-22 10:29:44.520,2023-03-22 11:00:00
0,0,2023-04-04 14:58:36.300,2023-04-05 11:00:00
0,0,2023-02-21 17:05:48.075,2023-02-22 11:00:00
0,-1,2023-04-30 11:33:40.590,2023-04-30 11:00:00
0,-1,2023-06-22 11:38:13.695,2023-06-22 11:00:00
-1,-1,2023-03-12 13:34:49.935,2023-03-12 11:00:00
0,0,2023-01-13 13:35:19.410,2023-01-14 11:00:00
0,0,2023-01-25 10:32:13.515,2023-01-25 11:00:00
0,-1,2023-01-30 11:56:49.830,2023-01-30 11:00:00
0,0,2023-04-06 09:42:33.345,2023-04-06 11:00:00
0,0,2023-03-14 16:24:12.015,2023-03-15 11:00:00
0,0,2023-07-27 10:40:44.175,2023-07-27 11:00:00
0,0,2023-02-01 13:12:23.850,2023-02-02 11:00:00
0,0,2023-07-24 13:31:41.655,2023-07-25 11:00:00
0,0,2023-05-27 15:44:14.100,2023-05-28 11:00:00
0,0,2023-06-10 15:54:53.100,2023-06-11 11:00:00
0,0,2023-02-09 12:43:18.750,2023-02-10 11:00:00
0,0,2023-07-12 21:37:45.615,2023-07-13 11:00:00
0,0,2023-02-13 09:09:06.435,2023-02-13 11:00:00
0,0,2023-07-12 17:43:29.595,2023-07-13 11:00:00
0,0,2023-02-09 12:28:42.105,2023-02-10 11:00:00
0,0,2023-03-20 12:18:01.080,2023-03-21 11:00:00
-1,-1,2023-07-15 10:22:14.970,2023-07-14 11:00:00
0,0,2023-03-30 16:28:52.185,2023-03-31 11:00:00
0,0,2023-02-02 10:44:47.985,2023-02-02 11:00:00
0,0,2023-03-02 19:31:36.075,2023-03-03 11:00:00
0,0,2023-02-27 13:37:54.300,2023-02-28 11:00:00
0,0,2023-01-24 13:52:45.840,2023-01-25 11:00:00
0,0,2023-03-27 13:42:33.210,2023-03-28 11:00:00
0,0,2023-04-22 15:46:55.920,2023-04-23 11:00:00
0,0,2023-01-18 22:11:59.685,2023-01-19 11:00:00
0,0,2023-03-03 14:19:02.280,2023-03-04 11:00:00
0,0,2023-01-12 19:54:25.830,2023-01-13 11:00:00
0,0,2023-04-20 13:49:54.570,2023-04-21 11:00:00
0,0,2023-03-29 13:58:03.945,2023-03-30 11:00:00
0,0,2023-02-24 17:58:03.945,2023-02-25 11:00:00
0,0,2023-07-06 14:20:27.195,2023-07-07 11:00:00
0,0,2023-03-30 12:17:40.245,2023-03-31 11:00:00
0,-1,2023-02-06 11:04:11.595,2023-02-06 11:00:00
0,0,2023-01-15 16:26:15.990,2023-01-16 11:00:00
0,0,2023-02-10 19:40:41.835,2023-02-11 11:00:00
0,0,2023-04-04 16:28:29.865,2023-04-05 11:00:00
0,0,2023-03-18 17:34:48.675,2023-03-19 11:00:00
0,0,2023-03-30 18:54:49.770,2023-03-31 11:00:00
0,0,2023-01-09 17:38:04.695,2023-01-10 11:00:00
0,0,2023-01-27 12:28:29.865,2023-01-28 11:00:00
0,0,2023-04-07 20:21:17.145,2023-04-08 11:00:00
0,0,2023-05-24 18:48:39.870,2023-05-25 11:00:00
0,0,2023-04-26 09:23:13.650,2023-04-26 11:00:00
0,-1,2023-01-27 11:35:46.905,2023-01-27 11:00:00
0,-1,2023-07-03 11:08:12.975,2023-07-03 11:00:00
0,0,2023-05-26 09:53:03.660,2023-05-26 11:00:00
0,0,2023-04-06 13:20:32.685,2023-04-07 11:00:00
0,-1,2023-06-21 11:13:57.315,2023-06-21 11:00:00
0,0,2023-01-21 14:43:43.365,2023-01-22 11:00:00
0,0,2023-05-17 18:37:53.130,2023-05-18 11:00:00
0,0,2023-04-23 15:54:10.395,2023-04-24 11:00:00
0,0,2023-03-24 14:35:09.240,2023-03-25 11:00:00
0,0,2023-01-29 10:45:02.430,2023-01-29 11:00:00
0,0,2023-05-02 10:31:37.785,2023-05-02 11:00:00
0,-1,2023-01-13 11:44:22.110,2023-01-13 11:00:00
0,0,2023-05-27 18:20:46.995,2023-05-28 11:00:00
0,0,2023-07-02 21:54:25.110,2023-07-03 11:00:00
0,0,2023-04-06 14:28:34.455,2023-04-07 11:00:00
0,0,2023-01-31 09:40:43.905,2023-01-31 11:00:00
0,0,2023-06-14 14:54:53.100,2023-06-15 11:00:00
0,0,2023-03-05 17:30:05.490,2023-03-06 11:00:00
0,-1,2023-01-31 11:25:37.425,2023-01-31 11:00:00
0,0,2023-04-16 09:30:04.230,2023-04-16 11:00:00
0,0,2023-02-07 16:10:08.130,2023-02-08 11:00:00
0,0,2023-03-07 10:23:34.575,2023-03-07 11:00:00
0,0,2023-03-16 09:34:23.250,2023-03-16 11:00:00
0,0,2023-01-19 17:43:49.845,2023-01-20 11:00:00
0,0,2023-02-06 16:01:36.840,2023-02-07 11:00:00
0,0,2023-06-15 14:55:32.430,2023-06-16 11:00:00
0,0,2023-05-20 14:44:35.700,2023-05-21 11:00:00
0,0,2023-03-26 20:54:37.935,2023-03-27 11:00:00
0,0,2023-03-17 13:31:34.545,2023-03-18 11:00:00
0,0,2023-02-18 15:19:14.340,2023-02-19 11:00:00
0,0,2023-05-11 18:05:46.995,2023-05-12 11:00:00
0,0,2023-03-17 10:59:27.555,2023-03-17 11:00:00
0,-1,2023-01-15 11:44:13.425,2023-01-15 11:00:00
0,0,2023-05-21 14:36:09.360,2023-05-22 11:00:00
0,0,2023-04-01 13:54:35.865,2023-04-02 11:00:00
0,0,2023-03-05 16:20:18.285,2023-03-06 11:00:00
0,0,2023-02-19 18:26:07.845,2023-02-20 11:00:00
0,0,2023-06-18 22:54:16.560,2023-06-19 11:00:00
0,0,2023-05-26 18:22:09.165,2023-05-27 11:00:00
0,-1,2023-05-16 11:43:29.595,2023-05-16 11:00:00
0,0,2023-05-14 14:41:54.915,2023-05-15 11:00:00
0,0,2023-03-31 21:53:38.400,2023-04-01 11:00:00
0,0,2023-03-14 09:03:38.835,2023-03-14 11:00:00
0,0,2023-07-13 15:14:51.225,2023-07-14 11:00:00
0,0,2023-05-25 09:28:57.720,2023-05-25 11:00:00
0,0,2023-04-21 18:40:43.905,2023-04-22 11:00:00
0,0,2023-02-16 18:57:17.775,2023-02-17 11:00:00
0,0,2023-01-27 19:55:41.070,2023-01-28 11:00:00
0,0,2023-03-09 12:29:34.575,2023-03-10 11:00:00
0,0,2023-06-21 12:59:03.255,2023-06-22 11:00:00
0,0,2023-04-12 18:04:16.590,2023-04-13 11:00:00
0,0,2023-01-18 14:46:07.995,2023-01-19 11:00:00
0,0,2023-05-05 17:56:12.885,2023-05-06 11:00:00
0,0,2023-02-01 09:42:43.830,2023-02-01 11:00:00
0,0,2023-06-19 13:21:31.545,2023-06-20 11:00:00
0,-1,2023-05-18 11:09:26.370,2023-05-18 11:00:00
0,0,2023-07-06 09:43:38.550,2023-07-06 11:00:00
0,0,2023-05-29 18:17:35.520,2023-05-30 11:00:00
0,0,2023-07-19 19:32:52.080,2023-07-20 11:00:00
-1,-1,2023-01-19 09:42:32.580,2023-01-18 11:00:00
0,0,2023-04-05 19:33:55.890,2023-04-06 11:00:00
0,-1,2023-06-19 11:17:27.015,2023-06-19 11:00:00
0,0,2023-04-02 13:19:53.175,2023-04-03 11:00:00
0,0,2023-02-15 22:05:47.580,2023-02-16 11:00:00
0,0,2023-06-04 15:47:43.710,2023-06-05 11:00:00
0,0,2023-02-19 12:18:46.935,2023-02-20 11:00:00
0,0,2023-02-14 12:51:43.200,2023-02-15 11:00:00
0,0,2023-03-24 12:11:17.745,2023-03-25 11:00:00
0,0,2023-01-26 12:38:02.265,2023-01-27 11:00:00
0,0,2023-01-14 18:10:46.470,2023-01-15 11:00:00
0,-1,2023-01-15 11:36:39.690,2023-01-15 11:00:00
0,0,2023-03-01 09:54:01.710,2023-03-01 11:00:00
0,-1,2023-05-26 11:46:36.930,2023-05-26 11:00:00
0,0,2023-04-08 12:12:30.915,2023-04-09 11:00:00
0,0,2023-04-01 10:31:46.245,2023-04-01 11:00:00
0,0,2023-01-21 12:13:32.475,2023-01-22 11:00:00
0,0,2023-06-18 14:33:48.870,2023-06-19 11:00:00
0,-1,2023-07-27 11:58:46.245,2023-07-27 11:00:00
0,-1,2023-01-30 11:36:54.765,2023-01-30 11:00:00
0,0,2023-02-27 16:42:15.750,2023-02-28 11:00:00
0,0,2023-01-26 14:01:28.335,2023-01-27 11:00:00
0,0,2023-01-26 22:46:36.255,2023-01-27 11:00:00
0,0,2023-01-18 09:34:04.035,2023-01-18 11:00:00
-1,-1,2023-01-28 14:49:54.570,2023-01-28 11:00:00
0,0,2023-03-03 12:36:20.070,2023-03-04 11:00:00
0,0,2023-06-04 13:26:27.825,2023-06-05 11:00:00
0,0,2023-02-18 09:54:05.085,2023-02-18 11:00:00
0,0,2023-01-24 13:42:03.690,2023-01-25 11:00:00
0,0,2023-01-21 10:22:09.525,2023-01-21 11:00:00
-1,-2,2023-06-01 11:20:12.480,2023-05-31 11:00:00
0,0,2023-02-17 15:21:51.165,2023-02-18 11:00:00
0,0,2023-06-24 12:28:30.090,2023-06-25 11:00:00
0,0,2023-02-07 18:43:48.090,2023-02-08 11:00:00
0,0,2023-03-07 10:27:17.775,2023-03-07 11:00:00
0,0,2023-06-21 13:31:32.970,2023-06-22 11:00:00
0,0,2023-02-03 14:10:47.460,2023-02-04 11:00:00
-1,-1,2023-06-17 13:22:43.140,2023-06-17 11:00:00
-1,-2,2023-06-12 11:50:51.360,2023-06-11 11:00:00
0,0,2023-02-05 21:38:32.055,2023-02-06 11:00:00
0,0,2023-05-01 20:10:05.205,2023-05-02 11:00:00
-1,-1,2023-04-20 09:30:39.555,2023-04-19 11:00:00
0,0,2023-01-17 13:24:44.100,2023-01-18 11:00:00
0,0,2023-03-03 16:19:20.055,2023-03-04 11:00:00
-1,-2,2023-07-08 11:34:58.980,2023-07-07 11:00:00
0,0,2023-02-06 15:29:28.995,2023-02-07 11:00:00
0,0,2023-02-28 16:58:04.665,2023-03-01 11:00:00
0,0,2023-02-03 09:55:40.935,2023-02-03 11:00:00
0,0,2023-03-24 17:18:09.495,2023-03-25 11:00:00
0,0,2023-02-09 17:45:12.330,2023-02-10 11:00:00
0,-1,2023-01-15 11:18:33.750,2023-01-15 11:00:00
0,0,2023-04-01 20:06:13.185,2023-04-02 11:00:00
0,0,2023-05-04 16:58:22.800,2023-05-05 11:00:00
0,0,2023-07-24 13:49:20.010,2023-07-25 11:00:00
0,0,2023-06-18 19:43:12.360,2023-06-19 11:00:00
-1,-1,2023-02-12 12:44:56.580,2023-02-12 11:00:00
0,0,2023-05-25 10:43:37.065,2023-05-25 11:00:00
0,0,2023-06-16 17:58:03.945,2023-06-17 11:00:00
0,0,2023-05-08 13:14:57.525,2023-05-09 11:00:00
0,0,2023-05-15 19:25:48.360,2023-05-16 11:00:00
0,0,2023-01-28 13:23:56.625,2023-01-29 11:00:00
0,0,2023-03-15 16:12:49.365,2023-03-16 11:00:00
0,0,2023-05-19 17:55:25.275,2023-05-20 11:00:00
0,0,2023-07-22 10:32:13.965,2023-07-22 11:00:00
0,0,2023-01-12 10:21:19.440,2023-01-12 11:00:00
0,0,2023-01-20 10:00:15.075,2023-01-20 11:00:00
0,0,2023-03-13 12:21:19.755,2023-03-14 11:00:00
0,0,2023-05-17 10:51:30.645,2023-05-17 11:00:00
0,0,2023-03-19 10:20:02.715,2023-03-19 11:00:00
0,0,2023-01-17 09:53:14.145,2023-01-17 11:00:00
0,0,2023-02-16 18:05:46.995,2023-02-17 11:00:00
0,0,2023-02-11 16:27:17.775,2023-02-12 11:00:00
0,0,2023-06-06 22:57:24.300,2023-06-07 11:00:00
0,0,2023-06-29 12:54:07.785,2023-06-30 11:00:00
0,0,2023-04-09 20:14:57.570,2023-04-10 11:00:00
0,0,2023-06-03 13:26:08.250,2023-06-04 11:00:00
0,0,2023-03-18 19:57:17.775,2023-03-19 11:00:00
0,0,2023-02-10 09:34:08.760,2023-02-10 11:00:00
0,0,2023-01-27 20:57:51.345,2023-01-28 11:00:00
0,-1,2023-01-29 11:22:57.855,2023-01-29 11:00:00
0,0,2023-04-05 12:07:19.110,2023-04-06 11:00:00
0,0,2023-02-05 10:06:35.820,2023-02-05 11:00:00
0,0,2023-05-18 10:28:44.265,2023-05-18 11:00:00
0,0,2023-01-30 15:58:03.945,2023-01-31 11:00:00
0,0,2023-01-17 17:51:22.050,2023-01-18 11:00:00
0,0,2023-01-12 10:39:25.380,2023-01-12 11:00:00
0,0,2023-05-05 17:38:18.870,2023-05-06 11:00:00
0,0,2023-07-13 14:47:49.515,2023-07-14 11:00:00
0,0,2023-01-26 13:53:40.515,2023-01-27 11:00:00
0,0,2023-01-16 09:58:06.510,2023-01-16 11:00:00
0,0,2023-05-24 09:04:21.000,2023-05-24 11:00:00
0,0,2023-04-06 23:03:20.925,2023-04-07 11:00:00
0,0,2023-03-02 14:36:31.410,2023-03-03 11:00:00
0,0,2023-01-18 10:21:26.415,2023-01-18 11:00:00
-1,-1,2023-04-11 13:21:16.740,2023-04-11 11:00:00
0,0,2023-05-17 20:37:10.065,2023-05-18 11:00:00
0,0,2023-02-01 20:50:51.360,2023-02-02 11:00:00
0,0,2023-07-03 15:13:42.960,2023-07-04 11:00:00
0,0,2023-01-27 12:28:42.105,2023-01-28 11:00:00
0,0,2023-06-05 12:35:53.385,2023-06-06 11:00:00
0,0,2023-02-02 12:40:43.050,2023-02-03 11:00:00
0,-1,2023-01-29 11:34:58.980,2023-01-29 11:00:00
0,0,2023-04-01 17:29:40.200,2023-04-02 11:00:00
0,0,2023-01-21 14:26:35.070,2023-01-22 11:00:00
0,0,2023-02-23 18:56:55.455,2023-02-24 11:00:00
0,0,2023-01-13 13:30:36.990,2023-01-14 11:00:00
0,0,2023-03-10 18:07:41.430,2023-03-11 11:00:00
0,0,2023-01-14 10:49:47.370,2023-01-14 11:00:00
0,-1,2023-07-08 11:06:50.760,2023-07-08 11:00:00
0,0,2023-06-02 16:29:55.860,2023-06-03 11:00:00
0,0,2023-03-16 12:31:38.010,2023-03-17 11:00:00
0,0,2023-01-28 12:25:39.495,2023-01-29 11:00:00
0,0,2023-03-20 13:40:29.820,2023-03-21 11:00:00
0,0,2023-01-20 12:50:20.715,2023-01-21 11:00:00
0,0,2023-01-15 13:58:03.945,2023-01-16 11:00:00
0,0,2023-03-04 13:21:38.250,2023-03-05 11:00:00
0,0,2023-04-25 16:41:30.660,2023-04-26 11:00:00
0,0,2023-05-25 17:20:46.995,2023-05-26 11:00:00
0,-1,2023-04-17 11:58:19.245,2023-04-17 11:00:00
0,0,2023-01-25 13:23:00.555,2023-01-26 11:00:00
0,0,2023-03-11 09:21:25.425,2023-03-11 11:00:00
0,0,2023-01-18 13:03:41.040,2023-01-19 11:00:00
0,0,2023-01-14 10:54:20.835,2023-01-14 11:00:00
-1,-1,2023-04-01 17:51:22.500,2023-04-01 11:00:00
0,0,2023-01-15 18:23:44.385,2023-01-16 11:00:00
0,0,2023-02-15 15:30:05.490,2023-02-16 11:00:00
0,0,2023-02-02 10:25:57.630,2023-02-02 11:00:00
0,0,2023-04-27 09:50:54.060,2023-04-27 11:00:00
0,0,2023-02-03 12:19:37.290,2023-02-04 11:00:00
0,0,2023-03-15 13:39:37.575,2023-03-16 11:00:00
0,0,2023-01-30 13:45:34.065,2023-01-31 11:00:00
0,0,2023-03-19 22:19:20.055,2023-03-20 11:00:00
0,0,2023-01-28 16:46:13.530,2023-01-29 11:00:00
0,0,2023-05-07 18:51:53.910,2023-05-08 11:00:00
-1,-1,2023-03-05 15:39:45.180,2023-03-05 11:00:00
0,0,2023-03-11 16:11:05.505,2023-03-12 11:00:00
0,0,2023-03-14 20:26:23.100,2023-03-15 11:00:00
0,0,2023-02-09 10:44:35.700,2023-02-09 11:00:00
0,0,2023-03-05 14:03:47.160,2023-03-06 11:00:00
-1,-1,2023-03-19 12:49:25.860,2023-03-19 11:00:00
0,0,2023-02-21 13:19:20.055,2023-02-22 11:00:00
0,0,2023-04-10 13:00:42.435,2023-04-11 11:00:00
0,0,2023-03-01 12:53:51.900,2023-03-02 11:00:00
0,0,2023-02-03 10:43:32.250,2023-02-03 11:00:00
0,0,2023-03-12 19:50:57.390,2023-03-13 11:00:00
0,0,2023-01-29 20:59:12.345,2023-01-30 11:00:00
-1,-1,2023-03-25 12:18:46.935,2023-03-25 11:00:00
0,0,2023-01-25 18:29:36.330,2023-01-26 11:00:00
0,0,2023-05-17 17:59:51.540,2023-05-18 11:00:00
0,0,2023-01-31 12:57:43.965,2023-02-01 11:00:00
0,0,2023-05-13 10:27:17.775,2023-05-13 11:00:00
0,0,2023-01-22 13:53:12.345,2023-01-23 11:00:00
0,0,2023-01-13 19:12:17.280,2023-01-14 11:00:00
0,0,2023-05-07 19:18:11.205,2023-05-08 11:00:00
0,0,2023-06-19 17:56:31.155,2023-06-20 11:00:00
0,0,2023-01-15 15:39:37.575,2023-01-16 11:00:00
0,0,2023-03-09 15:22:18.885,2023-03-10 11:00:00
0,0,2023-02-12 12:28:29.865,2023-02-13 11:00:00
-1,-1,2023-01-17 17:56:12.885,2023-01-17 11:00:00
-1,-1,2023-04-01 12:16:26.805,2023-04-01 11:00:00
-1,-1,2023-04-20 13:32:04.785,2023-04-20 11:00:00
0,0,2023-01-16 10:36:34.065,2023-01-16 11:00:00
0,0,2023-05-15 17:15:42.120,2023-05-16 11:00:00
0,0,2023-02-01 10:54:12.690,2023-02-01 11:00:00
0,-1,2023-02-03 11:20:43.710,2023-02-03 11:00:00
0,-1,2023-03-22 11:59:12.345,2023-03-22 11:00:00
0,0,2023-03-07 13:03:18.045,2023-03-08 11:00:00
0,0,2023-04-17 18:57:40.050,2023-04-18 11:00:00
0,0,2023-03-23 20:03:48.015,2023-03-24 11:00:00
0,-1,2023-02-01 11:51:35.010,2023-02-01 11:00:00
0,0,2023-01-19 13:15:15.255,2023-01-20 11:00:00
0,0,2023-06-20 17:12:04.095,2023-06-21 11:00:00
0,0,2023-02-27 12:34:46.875,2023-02-28 11:00:00
0,0,2023-02-03 13:33:12.555,2023-02-04 11:00:00
0,0,2023-04-19 19:10:34.770,2023-04-20 11:00:00
-1,-1,2023-01-16 20:56:32.325,2023-01-16 11:00:00
0,0,2023-01-17 15:34:10.200,2023-01-18 11:00:00
0,0,2023-02-18 15:21:38.250,2023-02-19 11:00:00
0,0,2023-02-20 09:29:55.860,2023-02-20 11:00:00
-1,-1,2023-01-30 20:35:10.185,2023-01-30 11:00:00
0,0,2023-02-15 12:34:04.035,2023-02-16 11:00:00
0,0,2023-05-02 18:43:43.365,2023-05-03 11:00:00
0,-1,2023-01-16 11:38:23.730,2023-01-16 11:00:00
0,0,2023-01-14 18:42:50.445,2023-01-15 11:00:00
0,0,2023-03-21 17:38:02.265,2023-03-22 11:00:00
0,0,2023-01-21 13:58:37.965,2023-01-22 11:00:00
0,0,2023-07-03 14:32:13.965,2023-07-04 11:00:00
0,0,2023-04-24 10:32:13.965,2023-04-24 11:00:00
0,0,2023-01-20 13:57:49.095,2023-01-21 11:00:00
-1,-1,2023-02-17 13:36:28.620,2023-02-17 11:00:00
-1,-1,2023-01-19 13:52:45.840,2023-01-19 11:00:00
0,0,2023-02-13 20:05:46.995,2023-02-14 11:00:00
0,0,2023-01-17 21:12:01.215,2023-01-18 11:00:00
-1,-1,2023-05-06 12:29:34.575,2023-05-06 11:00:00
0,0,2023-04-18 12:29:44.520,2023-04-19 11:00:00
0,0,2023-03-09 10:47:46.410,2023-03-09 11:00:00
0,0,2023-01-31 14:34:16.680,2023-02-01 11:00:00
0,0,2023-02-03 19:57:17.775,2023-02-04 11:00:00
0,0,2023-01-16 17:41:16.710,2023-01-17 11:00:00
0,0,2023-02-06 12:12:17.865,2023-02-07 11:00:00
-1,-2,2023-01-16 11:24:43.875,2023-01-15 11:00:00
0,0,2023-02-15 10:50:04.830,2023-02-15 11:00:00
0,0,2023-02-18 13:39:37.575,2023-02-19 11:00:00
-1,-2,2023-01-24 11:46:15.960,2023-01-23 11:00:00
0,0,2023-04-11 18:45:22.725,2023-04-12 11:00:00
0,0,2023-01-22 10:42:49.860,2023-01-22 11:00:00
0,0,2023-01-24 18:47:56.850,2023-01-25 11:00:00
0,0,2023-01-17 14:20:12.480,2023-01-18 11:00:00
0,0,2023-03-30 18:31:12.720,2023-03-31 11:00:00
0,0,2023-02-27 12:02:11.400,2023-02-28 11:00:00
-1,-2,2023-01-30 11:03:20.565,2023-01-29 11:00:00
0,0,2023-05-25 14:23:03.075,2023-05-26 11:00:00
0,0,2023-03-08 13:46:36.255,2023-03-09 11:00:00
0,0,2023-07-20 15:14:58.650,2023-07-21 11:00:00
0,0,2023-01-22 17:23:14.640,2023-01-23 11:00:00
0,-1,2023-06-23 11:42:24.660,2023-06-23 11:00:00
0,0,2023-05-31 12:44:40.020,2023-06-01 11:00:00
0,0,2023-04-22 22:23:44.385,2023-04-23 11:00:00
0,-1,2023-02-01 11:23:21.750,2023-02-01 11:00:00
0,0,2023-07-03 16:02:57.300,2023-07-04 11:00:00
0,0,2023-02-02 12:37:17.175,2023-02-03 11:00:00
0,0,2023-01-16 16:26:48.930,2023-01-17 11:00:00
0,0,2023-01-19 13:49:13.530,2023-01-20 11:00:00
0,0,2023-02-12 09:29:55.860,2023-02-12 11:00:00
0,0,2023-03-28 15:10:07.050,2023-03-29 11:00:00
0,0,2023-03-07 12:39:12.690,2023-03-08 11:00:00
0,0,2023-01-17 12:18:47.835,2023-01-18 11:00:00
0,0,2023-04-20 17:32:31.785,2023-04-21 11:00:00
0,0,2023-01-16 17:21:19.440,2023-01-17 11:00:00
0,0,2023-07-28 09:37:10.740,2023-07-28 11:00:00
0,-1,2023-02-20 11:32:13.965,2023-02-20 11:00:00
0,0,2023-05-09 13:37:47.685,2023-05-10 11:00:00
0,0,2023-01-26 10:09:52.155,2023-01-26 11:00:00
0,0,2023-01-26 18:30:52.155,2023-01-27 11:00:00
-1,-1,2023-02-15 16:58:03.945,2023-02-15 11:00:00
0,0,2023-03-17 12:57:40.590,2023-03-18 11:00:00
0,0,2023-03-14 18:57:24.300,2023-03-15 11:00:00
0,0,2023-01-22 10:01:24.555,2023-01-22 11:00:00
0,0,2023-01-15 18:30:52.155,2023-01-16 11:00:00
0,0,2023-06-14 20:41:32.010,2023-06-15 11:00:00
0,0,2023-05-04 14:58:03.945,2023-05-05 11:00:00
0,-1,2023-01-15 11:52:22.440,2023-01-15 11:00:00
0,0,2023-01-18 15:56:28.995,2023-01-19 11:00:00
0,0,2023-02-25 13:46:36.255,2023-02-26 11:00:00
0,-1,2023-02-19 11:18:56.430,2023-02-19 11:00:00
0,0,2023-05-30 13:54:24.165,2023-05-31 11:00:00
0,0,2023-02-26 10:37:17.175,2023-02-26 11:00:00
0,0,2023-05-23 12:10:47.820,2023-05-24 11:00:00
0,0,2023-02-01 13:55:58.260,2023-02-02 11:00:00
0,0,2023-01-24 13:15:14.670,2023-01-25 11:00:00
0,0,2023-01-18 10:55:28.425,2023-01-18 11:00:00
0,0,2023-03-12 13:15:14.670,2023-03-13 11:00:00
0,0,2023-04-24 20:49:21.990,2023-04-25 11:00:00
0,0,2023-01-31 12:03:08.640,2023-02-01 11:00:00
0,0,2023-01-21 09:54:05.085,2023-01-21 11:00:00
0,0,2023-02-18 13:00:18.360,2023-02-19 11:00:00
0,0,2023-04-01 10:48:26.505,2023-04-01 11:00:00
0,0,2023-01-17 14:07:47.865,2023-01-18 11:00:00
-1,-1,2023-03-11 09:59:40.290,2023-03-10 11:00:00
0,-1,2023-01-19 11:05:17.385,2023-01-19 11:00:00
0,0,2023-02-21 20:58:21.405,2023-02-22 11:00:00
0,-1,2023-02-04 11:40:43.050,2023-02-04 11:00:00
0,0,2023-01-17 13:54:00.270,2023-01-18 11:00:00
0,0,2023-02-27 10:41:30.660,2023-02-27 11:00:00
0,0,2023-03-18 09:41:59.820,2023-03-18 11:00:00
0,0,2023-01-30 09:36:52.200,2023-01-30 11:00:00
0,0,2023-01-17 16:10:51.690,2023-01-18 11:00:00
0,0,2023-02-08 15:53:25.935,2023-02-09 11:00:00
0,0,2023-01-16 18:43:37.065,2023-01-17 11:00:00
0,0,2023-04-20 12:42:22.545,2023-04-21 11:00:00
0,0,2023-01-25 13:00:18.360,2023-01-26 11:00:00
0,0,2023-07-10 14:09:21.555,2023-07-11 11:00:00
0,0,2023-02-16 17:16:41.655,2023-02-17 11:00:00
0,0,2023-02-04 16:30:05.490,2023-02-05 11:00:00
0,0,2023-03-15 09:48:15.390,2023-03-15 11:00:00
0,0,2023-02-05 14:20:46.995,2023-02-06 11:00:00
0,0,2023-04-13 16:52:09.705,2023-04-14 11:00:00
0,0,2023-04-06 12:57:19.080,2023-04-07 11:00:00
0,0,2023-04-15 09:42:32.580,2023-04-15 11:00:00
0,0,2023-02-08 13:35:10.185,2023-02-09 11:00:00
0,0,2023-04-28 14:30:00.135,2023-04-29 11:00:00
0,0,2023-02-27 19:40:15.465,2023-02-28 11:00:00
0,0,2023-01-18 13:58:04.845,2023-01-19 11:00:00
0,0,2023-01-18 12:35:10.185,2023-01-19 11:00:00
0,0,2023-05-04 21:01:19.515,2023-05-05 11:00:00
0,0,2023-01-29 10:01:24.555,2023-01-29 11:00:00
0,0,2023-03-13 13:20:09.015,2023-03-14 11:00:00
0,0,2023-01-17 13:18:36.810,2023-01-18 11:00:00
-1,-1,2023-02-16 19:33:06.030,2023-02-16 11:00:00
0,0,2023-04-10 22:58:03.945,2023-04-11 11:00:00
-1,-1,2023-01-20 19:18:09.990,2023-01-20 11:00:00
0,0,2023-03-10 17:31:48.090,2023-03-11 11:00:00
0,0,2023-01-21 18:31:13.080,2023-01-22 11:00:00
0,0,2023-01-16 20:58:13.800,2023-01-17 11:00:00
0,0,2023-02-12 22:40:29.820,2023-02-13 11:00:00
0,0,2023-03-16 19:52:12.585,2023-03-17 11:00:00
0,0,2023-02-28 13:53:14.415,2023-03-01 11:00:00
0,0,2023-04-02 17:31:32.970,2023-04-03 11:00:00
0,0,2023-02-12 15:12:01.215,2023-02-13 11:00:00
0,0,2023-01-27 12:27:13.050,2023-01-28 11:00:00
0,0,2023-07-10 17:07:51.330,2023-07-11 11:00:00
0,0,2023-04-09 19:24:44.100,2023-04-10 11:00:00
0,0,2023-04-06 17:39:15.480,2023-04-07 11:00:00
0,0,2023-02-19 13:45:39.330,2023-02-20 11:00:00
-1,-1,2023-05-04 18:05:37.230,2023-05-04 11:00:00
-1,-1,2023-04-29 14:40:43.050,2023-04-29 11:00:00
0,0,2023-07-01 18:46:53.490,2023-07-02 11:00:00
0,0,2023-04-05 10:04:43.455,2023-04-05 11:00:00
0,0,2023-01-18 09:38:05.865,2023-01-18 11:00:00
0,0,2023-05-11 10:11:17.745,2023-05-11 11:00:00
0,0,2023-02-06 15:34:03.045,2023-02-07 11:00:00
0,-1,2023-07-03 11:25:39.495,2023-07-03 11:00:00
0,0,2023-01-26 12:25:57.630,2023-01-27 11:00:00
0,0,2023-04-24 13:39:06.120,2023-04-25 11:00:00
0,0,2023-07-09 10:29:05.775,2023-07-09 11:00:00
0,0,2023-04-19 21:58:18.750,2023-04-20 11:00:00
0,0,2023-05-16 18:11:49.380,2023-05-17 11:00:00
0,0,2023-01-26 15:42:43.335,2023-01-27 11:00:00
0,0,2023-01-29 14:13:17.265,2023-01-30 11:00:00
0,0,2023-01-19 13:16:47.415,2023-01-20 11:00:00
0,0,2023-04-20 13:16:47.415,2023-04-21 11:00:00
0,0,2023-01-26 16:22:41.835,2023-01-27 11:00:00
0,0,2023-05-01 23:18:14.130,2023-05-02 11:00:00
0,0,2023-01-24 13:12:44.595,2023-01-25 11:00:00
0,0,2023-01-27 15:40:32.025,2023-01-28 11:00:00
0,0,2023-01-20 12:57:40.590,2023-01-21 11:00:00
-1,-1,2023-03-21 16:39:27.540,2023-03-21 11:00:00
0,0,2023-07-17 12:58:03.000,2023-07-18 11:00:00
-1,-1,2023-05-20 18:08:14.595,2023-05-20 11:00:00
0,-1,2023-01-22 11:29:34.575,2023-01-22 11:00:00
0,0,2023-03-20 12:32:04.785,2023-03-21 11:00:00
0,0,2023-01-20 09:39:37.575,2023-01-20 11:00:00
0,0,2023-03-15 15:33:45.540,2023-03-16 11:00:00
0,-1,2023-03-12 11:56:45.960,2023-03-12 11:00:00
0,0,2023-02-27 17:56:02.400,2023-02-28 11:00:00
-1,-2,2023-02-05 11:15:50.400,2023-02-04 11:00:00
0,0,2023-06-08 10:15:50.400,2023-06-08 11:00:00
0,0,2023-05-07 12:15:56.970,2023-05-08 11:00:00
0,0,2023-06-29 12:30:10.260,2023-06-30 11:00:00
0,0,2023-01-22 13:18:46.935,2023-01-23 11:00:00
0,0,2023-03-28 13:51:29.790,2023-03-29 11:00:00
0,0,2023-01-24 19:50:57.660,2023-01-25 11:00:00
0,0,2023-02-16 10:29:35.610,2023-02-16 11:00:00
0,0,2023-03-25 19:16:17.940,2023-03-26 11:00:00
0,0,2023-02-26 09:29:55.860,2023-02-26 11:00:00
0,0,2023-03-06 10:47:20.985,2023-03-06 11:00:00
0,0,2023-06-14 13:40:43.905,2023-06-15 11:00:00
-1,-1,2023-03-11 10:38:00.600,2023-03-10 11:00:00
0,0,2023-06-19 16:54:12.690,2023-06-20 11:00:00
0,0,2023-04-30 16:19:33.510,2023-05-01 11:00:00
0,-1,2023-06-02 11:01:28.110,2023-06-02 11:00:00
0,0,2023-03-04 15:28:47.910,2023-03-05 11:00:00
0,0,2023-01-21 13:10:23.880,2023-01-22 11:00:00
0,0,2023-02-19 17:11:51.540,2023-02-20 11:00:00
0,0,2023-04-15 15:41:30.660,2023-04-16 11:00:00
0,0,2023-02-17 20:14:28.815,2023-02-18 11:00:00
0,0,2023-01-25 09:29:54.375,2023-01-25 11:00:00
0,0,2023-03-14 13:51:43.200,2023-03-15 11:00:00
0,0,2023-07-28 17:02:59.550,2023-07-29 11:00:00
0,0,2023-07-10 15:02:53.025,2023-07-11 11:00:00
0,-1,2023-03-23 11:03:20.565,2023-03-23 11:00:00
0,0,2023-01-21 15:54:04.545,2023-01-22 11:00:00
0,0,2023-03-15 21:37:26.085,2023-03-16 11:00:00
0,0,2023-03-27 10:28:04.890,2023-03-27 11:00:00
0,0,2023-03-29 13:50:56.265,2023-03-30 11:00:00
0,-1,2023-04-11 11:49:54.570,2023-04-11 11:00:00
0,0,2023-04-04 16:54:16.560,2023-04-05 11:00:00
0,0,2023-07-19 13:12:41.895,2023-07-20 11:00:00
0,0,2023-03-08 15:04:33.060,2023-03-09 11:00:00
0,0,2023-01-19 15:24:01.350,2023-01-20 11:00:00
0,0,2023-03-23 17:30:52.155,2023-03-24 11:00:00
0,0,2023-05-20 09:35:21.525,2023-05-20 11:00:00
0,0,2023-02-24 18:29:28.995,2023-02-25 11:00:00
0,0,2023-02-19 12:46:20.910,2023-02-20 11:00:00
-1,-1,2023-02-13 10:32:29.265,2023-02-12 11:00:00
0,0,2023-06-10 12:27:09.495,2023-06-11 11:00:00
0,0,2023-01-29 13:54:57.375,2023-01-30 11:00:00
0,0,2023-01-19 10:03:44.460,2023-01-19 11:00:00
0,-1,2023-01-22 11:40:44.175,2023-01-22 11:00:00
0,0,2023-03-25 10:30:15.210,2023-03-25 11:00:00
0,0,2023-04-26 19:27:21.240,2023-04-27 11:00:00
0,0,2023-03-13 17:18:13.770,2023-03-14 11:00:00
0,0,2023-03-07 12:29:36.330,2023-03-08 11:00:00
0,0,2023-05-25 09:52:41.655,2023-05-25 11:00:00
-1,-1,2023-02-06 12:03:05.715,2023-02-06 11:00:00
0,0,2023-02-24 17:43:42.015,2023-02-25 11:00:00
0,0,2023-02-17 21:48:50.445,2023-02-18 11:00:00
0,0,2023-02-25 12:54:00.270,2023-02-26 11:00:00
-1,-1,2023-03-03 13:15:56.520,2023-03-03 11:00:00
0,0,2023-02-16 14:39:37.575,2023-02-17 11:00:00
0,0,2023-01-21 12:20:45.780,2023-01-22 11:00:00
0,0,2023-01-23 15:12:57.285,2023-01-24 11:00:00
0,-1,2023-02-15 11:30:12.735,2023-02-15 11:00:00
0,0,2023-06-22 10:40:05.250,2023-06-22 11:00:00
0,0,2023-01-22 15:19:04.890,2023-01-23 11:00:00
0,0,2023-04-05 10:11:16.215,2023-04-05 11:00:00
0,0,2023-01-25 14:24:27.090,2023-01-26 11:00:00
0,0,2023-03-27 22:11:22.965,2023-03-28 11:00:00
0,0,2023-02-09 20:22:49.440,2023-02-10 11:00:00
-1,-1,2023-07-26 12:53:27.870,2023-07-26 11:00:00
0,0,2023-03-10 18:29:35.025,2023-03-11 11:00:00
0,0,2023-06-21 17:23:06.990,2023-06-22 11:00:00
0,0,2023-04-08 09:51:12.780,2023-04-08 11:00:00
0,0,2023-03-14 10:12:13.860,2023-03-14 11:00:00
-1,-1,2023-07-18 13:29:34.575,2023-07-18 11:00:00
0,0,2023-02-06 20:59:51.540,2023-02-07 11:00:00
0,0,2023-04-04 09:57:38.250,2023-04-04 11:00:00
-1,-1,2023-02-11 13:12:00.495,2023-02-11 11:00:00
0,0,2023-02-21 09:02:30.300,2023-02-21 11:00:00
0,0,2023-02-17 12:46:55.920,2023-02-18 11:00:00
0,0,2023-03-12 09:52:24.600,2023-03-12 11:00:00
-1,-1,2023-01-24 13:30:10.260,2023-01-24 11:00:00
0,0,2023-02-08 18:54:45.945,2023-02-09 11:00:00
0,0,2023-02-07 18:29:13.290,2023-02-08 11:00:00
0,0,2023-01-18 10:54:57.375,2023-01-18 11:00:00
0,-1,2023-07-19 11:46:07.995,2023-07-19 11:00:00
0,0,2023-02-01 12:39:57.870,2023-02-02 11:00:00
0,0,2023-01-26 22:00:18.360,2023-01-27 11:00:00
0,0,2023-06-10 20:01:51.645,2023-06-11 11:00:00
-1,-2,2023-01-20 11:53:04.830,2023-01-19 11:00:00
0,0,2023-07-21 19:04:33.060,2023-07-22 11:00:00
0,0,2023-04-27 13:53:40.515,2023-04-28 11:00:00
-1,-1,2023-01-23 15:33:30.015,2023-01-23 11:00:00
0,0,2023-06-02 17:11:22.965,2023-06-03 11:00:00
0,0,2023-02-01 09:40:43.905,2023-02-01 11:00:00
-1,-1,2023-05-22 18:22:52.590,2023-05-22 11:00:00
0,0,2023-03-04 18:40:27.075,2023-03-05 11:00:00
0,0,2023-01-24 13:50:34.170,2023-01-25 11:00:00
0,0,2023-07-12 15:21:26.415,2023-07-13 11:00:00
0,0,2023-02-14 18:38:05.415,2023-02-15 11:00:00
0,0,2023-05-18 09:13:17.265,2023-05-18 11:00:00
0,0,2023-01-22 10:44:37.005,2023-01-22 11:00:00
0,0,2023-02-20 20:50:15.945,2023-02-21 11:00:00
0,0,2023-01-25 14:35:19.410,2023-01-26 11:00:00
0,0,2023-01-26 20:23:04.875,2023-01-27 11:00:00
0,0,2023-03-29 14:46:41.160,2023-03-30 11:00:00
-1,-1,2023-04-13 15:03:24.750,2023-04-13 11:00:00
0,-1,2023-06-11 11:11:20.130,2023-06-11 11:00:00
0,0,2023-05-19 12:03:24.750,2023-05-20 11:00:00
0,0,2023-01-24 18:53:39.705,2023-01-25 11:00:00
0,0,2023-04-19 13:53:08.790,2023-04-20 11:00:00
0,0,2023-02-16 22:58:03.945,2023-02-17 11:00:00
0,0,2023-04-12 15:38:19.410,2023-04-13 11:00:00
0,0,2023-06-13 19:36:06.660,2023-06-14 11:00:00
0,-1,2023-01-23 11:56:17.295,2023-01-23 11:00:00
0,0,2023-02-23 15:57:23.580,2023-02-24 11:00:00
0,0,2023-02-17 19:21:21.420,2023-02-18 11:00:00
0,0,2023-02-07 15:38:39.435,2023-02-08 11:00:00
0,0,2023-02-25 16:18:13.770,2023-02-26 11:00:00
0,0,2023-03-21 10:47:43.395,2023-03-21 11:00:00
0,-1,2023-04-06 11:50:51.360,2023-04-06 11:00:00
0,0,2023-02-03 12:29:52.125,2023-02-04 11:00:00
-1,-1,2023-05-11 13:47:26.430,2023-05-11 11:00:00
0,0,2023-01-31 14:56:13.425,2023-02-01 11:00:00
0,0,2023-03-04 16:12:47.655,2023-03-05 11:00:00
0,0,2023-02-07 12:01:24.015,2023-02-08 11:00:00
0,0,2023-03-10 16:54:37.935,2023-03-11 11:00:00
0,0,2023-02-14 10:54:49.770,2023-02-14 11:00:00
0,0,2023-01-22 19:22:54.795,2023-01-23 11:00:00
0,0,2023-02-08 16:22:16.950,2023-02-09 11:00:00
0,0,2023-04-23 17:51:41.400,2023-04-24 11:00:00
0,0,2023-07-15 14:35:10.185,2023-07-16 11:00:00
0,0,2023-04-14 13:30:52.155,2023-04-15 11:00:00
0,0,2023-02-05 20:27:09.855,2023-02-06 11:00:00
0,0,2023-07-18 14:35:44.205,2023-07-19 11:00:00
-1,-1,2023-02-04 12:58:18.750,2023-02-04 11:00:00
0,0,2023-01-25 10:02:26.835,2023-01-25 11:00:00
0,0,2023-02-19 12:40:37.740,2023-02-20 11:00:00
0,0,2023-03-17 14:58:55.470,2023-03-18 11:00:00
0,0,2023-03-20 19:50:33.315,2023-03-21 11:00:00
0,0,2023-03-10 16:54:07.785,2023-03-11 11:00:00
0,0,2023-02-19 10:38:46.275,2023-02-19 11:00:00
0,0,2023-05-15 10:58:02.190,2023-05-15 11:00:00
-1,-2,2023-02-28 11:46:07.995,2023-02-27 11:00:00
0,0,2023-02-04 16:48:49.905,2023-02-05 11:00:00
0,0,2023-02-24 12:03:16.425,2023-02-25 11:00:00
0,0,2023-02-04 17:42:27.225,2023-02-05 11:00:00
0,0,2023-05-12 15:31:48.090,2023-05-13 11:00:00
0,0,2023-02-23 17:37:12.900,2023-02-24 11:00:00
0,0,2023-02-03 16:40:42.510,2023-02-04 11:00:00
0,0,2023-01-24 15:55:17.850,2023-01-25 11:00:00
0,0,2023-04-22 17:19:33.510,2023-04-23 11:00:00
0,-1,2023-07-03 11:11:35.790,2023-07-03 11:00:00
0,0,2023-02-11 19:29:05.775,2023-02-12 11:00:00
0,0,2023-07-01 12:00:19.125,2023-07-02 11:00:00
0,0,2023-02-23 16:57:24.300,2023-02-24 11:00:00
0,0,2023-02-10 12:53:26.115,2023-02-11 11:00:00
0,0,2023-03-25 22:13:24.870,2023-03-26 11:00:00
0,-1,2023-03-02 11:20:28.095,2023-03-02 11:00:00
0,0,2023-01-30 10:29:50.100,2023-01-30 11:00:00
0,0,2023-01-28 20:11:00.825,2023-01-29 11:00:00
0,0,2023-03-28 17:43:37.065,2023-03-29 11:00:00
0,0,2023-03-23 13:41:38.490,2023-03-24 11:00:00
0,0,2023-02-01 14:15:56.970,2023-02-02 11:00:00
-1,-1,2023-01-25 17:59:54.195,2023-01-25 11:00:00
0,0,2023-04-16 12:57:55.890,2023-04-17 11:00:00
-1,-1,2023-01-29 16:25:39.495,2023-01-29 11:00:00
0,0,2023-03-08 13:11:51.540,2023-03-09 11:00:00
0,0,2023-02-22 13:10:23.880,2023-02-23 11:00:00
0,0,2023-01-23 10:42:43.335,2023-01-23 11:00:00
0,0,2023-03-17 09:10:51.915,2023-03-17 11:00:00
0,0,2023-03-09 19:21:19.440,2023-03-10 11:00:00
-1,-1,2023-02-14 17:10:47.775,2023-02-14 11:00:00
0,0,2023-07-14 12:19:56.505,2023-07-15 11:00:00
0,0,2023-02-01 14:18:01.080,2023-02-02 11:00:00
0,-1,2023-05-08 11:25:51.465,2023-05-08 11:00:00
0,0,2023-07-21 12:49:39.900,2023-07-22 11:00:00
0,0,2023-02-23 12:38:28.185,2023-02-24 11:00:00
0,0,2023-01-29 12:51:44.955,2023-01-30 11:00:00
0,0,2023-01-24 14:01:19.515,2023-01-25 11:00:00
0,0,2023-02-02 14:07:29.820,2023-02-03 11:00:00
0,0,2023-03-26 09:59:51.315,2023-03-26 11:00:00
0,-1,2023-01-29 11:34:30.405,2023-01-29 11:00:00
0,0,2023-02-20 18:03:29.610,2023-02-21 11:00:00
0,0,2023-03-31 19:20:46.995,2023-04-01 11:00:00
-1,-1,2023-04-08 15:06:31.680,2023-04-08 11:00:00
0,0,2023-04-18 10:28:04.890,2023-04-18 11:00:00
0,0,2023-03-10 02:21:39.060,2023-03-10 11:00:00
0,0,2023-02-18 23:44:12.840,2023-02-19 11:00:00
0,0,2023-06-10 10:28:04.890,2023-06-10 11:00:00
0,0,2023-04-27 18:28:59.925,2023-04-28 11:00:00
0,0,2023-02-25 14:44:49.740,2023-02-26 11:00:00
0,0,2023-01-23 12:57:26.145,2023-01-24 11:00:00
-1,-1,2023-03-19 12:20:32.055,2023-03-19 11:00:00
0,0,2023-02-07 12:27:09.495,2023-02-08 11:00:00
0,0,2023-01-28 16:46:13.665,2023-01-29 11:00:00
0,0,2023-01-29 20:04:08.850,2023-01-30 11:00:00
0,0,2023-01-27 12:15:42.120,2023-01-28 11:00:00
0,0,2023-02-14 13:13:10.965,2023-02-15 11:00:00
0,0,2023-03-23 20:47:08.250,2023-03-24 11:00:00
0,0,2023-04-04 14:11:22.965,2023-04-05 11:00:00
0,0,2023-07-07 19:43:36.750,2023-07-08 11:00:00
-2,-2,2023-04-16 20:06:42.075,2023-04-15 11:00:00
0,0,2023-05-30 16:58:50.070,2023-05-31 11:00:00
0,0,2023-03-01 17:13:28.020,2023-03-02 11:00:00
0,0,2023-02-25 17:47:50.775,2023-02-26 11:00:00
0,0,2023-02-01 10:32:13.965,2023-02-01 11:00:00
0,0,2023-04-21 10:22:30.720,2023-04-21 11:00:00
0,0,2023-01-29 15:39:56.970,2023-01-30 11:00:00
0,0,2023-02-24 17:08:33.945,2023-02-25 11:00:00
0,-1,2023-02-08 11:50:28.005,2023-02-08 11:00:00
0,0,2023-04-02 12:19:03.990,2023-04-03 11:00:00
0,-1,2023-02-09 11:25:39.810,2023-02-09 11:00:00
0,0,2023-03-03 16:50:19.275,2023-03-04 11:00:00
0,0,2023-06-01 19:54:49.770,2023-06-02 11:00:00
0,0,2023-06-24 20:27:40.590,2023-06-25 11:00:00
0,0,2023-03-02 15:38:58.290,2023-03-03 11:00:00
0,0,2023-01-27 13:31:43.680,2023-01-28 11:00:00
0,0,2023-02-14 17:47:43.395,2023-02-15 11:00:00
0,0,2023-03-18 13:35:09.240,2023-03-19 11:00:00
0,0,2023-05-24 10:15:43.650,2023-05-24 11:00:00
0,0,2023-05-03 15:06:18.270,2023-05-04 11:00:00
0,0,2023-05-07 09:02:03.480,2023-05-07 11:00:00
0,0,2023-01-29 10:29:35.700,2023-01-29 11:00:00
0,0,2023-02-25 12:39:42.165,2023-02-26 11:00:00
-1,-1,2023-05-21 16:40:35.760,2023-05-21 11:00:00
0,0,2023-02-19 20:51:29.790,2023-02-20 11:00:00
0,0,2023-05-06 19:21:21.420,2023-05-07 11:00:00
0,0,2023-04-09 09:43:43.365,2023-04-09 11:00:00
0,0,2023-05-17 14:57:15.255,2023-05-18 11:00:00
0,-1,2023-04-19 11:18:30.420,2023-04-19 11:00:00
0,0,2023-02-14 18:43:19.470,2023-02-15 11:00:00
0,0,2023-02-01 13:09:15.525,2023-02-02 11:00:00
0,-1,2023-01-31 11:30:05.490,2023-01-31 11:00:00
0,0,2023-02-03 13:02:41.640,2023-02-04 11:00:00
0,0,2023-02-21 19:47:45.735,2023-02-22 11:00:00
0,0,2023-04-12 18:02:45.735,2023-04-13 11:00:00
0,0,2023-05-15 18:46:21.630,2023-05-16 11:00:00
-1,-2,2023-02-19 11:49:54.570,2023-02-18 11:00:00
-1,-1,2023-03-08 15:11:22.965,2023-03-08 11:00:00
-1,-1,2023-03-22 14:10:12.720,2023-03-22 11:00:00
0,0,2023-02-14 10:19:45.615,2023-02-14 11:00:00
0,0,2023-07-18 16:22:36.840,2023-07-19 11:00:00
0,0,2023-07-17 19:12:19.890,2023-07-18 11:00:00
0,0,2023-04-20 10:54:12.690,2023-04-20 11:00:00
0,0,2023-02-17 09:04:21.000,2023-02-17 11:00:00
0,0,2023-03-13 12:54:45.855,2023-03-14 11:00:00
0,0,2023-03-19 18:55:46.560,2023-03-20 11:00:00
0,0,2023-02-11 17:24:25.290,2023-02-12 11:00:00
-1,-1,2023-01-27 21:33:36.180,2023-01-27 11:00:00
0,0,2023-02-14 09:59:30.120,2023-02-14 11:00:00
-1,-1,2023-03-09 12:09:21.330,2023-03-09 11:00:00
0,0,2023-06-08 13:59:51.540,2023-06-09 11:00:00
0,0,2023-04-01 09:40:32.655,2023-04-01 11:00:00
0,0,2023-03-03 22:18:06.120,2023-03-04 11:00:00
0,0,2023-04-18 15:33:24.435,2023-04-19 11:00:00
0,0,2023-05-26 15:33:36.495,2023-05-27 11:00:00
0,0,2023-07-04 09:50:39.750,2023-07-04 11:00:00
0,0,2023-02-13 14:36:20.070,2023-02-14 11:00:00
0,-1,2023-02-10 11:52:32.970,2023-02-10 11:00:00
0,0,2023-01-28 14:40:17.130,2023-01-29 11:00:00
0,0,2023-03-28 18:04:33.060,2023-03-29 11:00:00
0,0,2023-05-04 13:58:03.945,2023-05-05 11:00:00
0,0,2023-02-14 15:36:54.000,2023-02-15 11:00:00
-1,-1,2023-02-02 14:54:35.865,2023-02-02 11:00:00
0,0,2023-03-26 13:30:41.760,2023-03-27 11:00:00
0,0,2023-03-23 10:28:04.890,2023-03-23 11:00:00
0,0,2023-04-05 15:44:25.980,2023-04-06 11:00:00
0,0,2023-02-19 14:51:22.500,2023-02-20 11:00:00
0,0,2023-02-08 16:19:42.690,2023-02-09 11:00:00
0,0,2023-02-15 20:36:20.070,2023-02-16 11:00:00
0,-1,2023-07-21 11:48:21.285,2023-07-21 11:00:00
0,0,2023-02-02 19:35:43.305,2023-02-03 11:00:00
0,0,2023-02-15 18:45:12.330,2023-02-16 11:00:00
0,0,2023-03-20 17:58:02.190,2023-03-21 11:00:00
0,0,2023-05-08 18:10:12.720,2023-05-09 11:00:00
-1,-1,2023-07-16 17:27:21.330,2023-07-16 11:00:00
0,0,2023-02-04 10:50:50.820,2023-02-04 11:00:00
0,0,2023-02-26 16:09:21.555,2023-02-27 11:00:00
0,0,2023-06-17 09:13:17.265,2023-06-17 11:00:00
0,0,2023-04-06 18:52:40.710,2023-04-07 11:00:00
0,0,2023-07-19 18:01:24.015,2023-07-20 11:00:00
0,0,2023-03-05 14:39:19.170,2023-03-06 11:00:00
0,0,2023-02-19 14:39:43.560,2023-02-20 11:00:00
0,0,2023-02-20 13:49:13.530,2023-02-21 11:00:00
0,0,2023-04-23 17:19:17.715,2023-04-24 11:00:00
0,-1,2023-02-22 11:54:08.685,2023-02-22 11:00:00
0,0,2023-02-15 20:48:21.285,2023-02-16 11:00:00
-1,-1,2023-05-22 09:30:57.375,2023-05-21 11:00:00
0,0,2023-03-28 12:15:42.120,2023-03-29 11:00:00
0,0,2023-02-21 13:47:43.710,2023-02-22 11:00:00
0,0,2023-03-20 19:21:26.415,2023-03-21 11:00:00
0,0,2023-01-31 15:41:30.660,2023-02-01 11:00:00
0,0,2023-02-17 09:40:11.865,2023-02-17 11:00:00
0,0,2023-02-05 12:40:43.050,2023-02-06 11:00:00
0,0,2023-05-28 13:21:21.420,2023-05-29 11:00:00
0,0,2023-02-17 17:46:55.920,2023-02-18 11:00:00
0,0,2023-02-01 14:25:39.495,2023-02-02 11:00:00
0,0,2023-06-03 10:12:04.095,2023-06-03 11:00:00
0,0,2023-04-05 21:40:29.820,2023-04-06 11:00:00
0,0,2023-04-01 18:14:33.810,2023-04-02 11:00:00
0,0,2023-03-23 14:01:07.995,2023-03-24 11:00:00
0,0,2023-03-27 18:05:47.580,2023-03-28 11:00:00
-1,-2,2023-02-16 11:56:19.410,2023-02-15 11:00:00
0,-1,2023-02-01 11:25:32.115,2023-02-01 11:00:00
0,0,2023-02-13 21:30:41.760,2023-02-14 11:00:00
0,0,2023-03-11 22:54:16.560,2023-03-12 11:00:00
-1,-1,2023-02-05 22:15:56.520,2023-02-05 11:00:00
0,0,2023-04-09 15:41:24.225,2023-04-10 11:00:00
0,0,2023-05-27 14:05:17.385,2023-05-28 11:00:00
0,0,2023-02-03 13:58:03.945,2023-02-04 11:00:00
0,0,2023-03-24 15:17:11.580,2023-03-25 11:00:00
0,0,2023-04-06 10:41:24.000,2023-04-06 11:00:00
0,0,2023-03-12 13:53:33.765,2023-03-13 11:00:00
0,0,2023-02-05 13:00:45.000,2023-02-06 11:00:00
0,0,2023-01-31 19:57:32.310,2023-02-01 11:00:00
0,0,2023-02-24 21:58:03.945,2023-02-25 11:00:00
0,0,2023-04-17 13:38:19.410,2023-04-18 11:00:00
0,0,2023-03-24 09:51:09.945,2023-03-24 11:00:00
0,0,2023-02-13 18:57:55.890,2023-02-14 11:00:00
0,0,2023-03-08 19:49:54.570,2023-03-09 11:00:00
0,0,2023-03-30 12:55:02.730,2023-03-31 11:00:00
-1,-1,2023-02-06 20:44:13.470,2023-02-06 11:00:00
0,0,2023-04-11 19:20:54.375,2023-04-12 11:00:00
-1,-1,2023-02-12 22:29:29.535,2023-02-12 11:00:00
0,0,2023-02-24 15:58:03.945,2023-02-25 11:00:00
0,0,2023-03-18 22:26:40.065,2023-03-19 11:00:00
0,0,2023-03-24 14:47:26.430,2023-03-25 11:00:00
0,-1,2023-05-13 11:39:07.875,2023-05-13 11:00:00
0,0,2023-02-05 21:50:15.945,2023-02-06 11:00:00
0,-1,2023-05-26 11:09:45.450,2023-05-26 11:00:00
0,0,2023-02-02 17:22:18.525,2023-02-03 11:00:00
0,0,2023-02-14 16:14:57.525,2023-02-15 11:00:00
0,0,2023-04-06 14:50:28.005,2023-04-07 11:00:00
0,0,2023-04-17 18:05:41.370,2023-04-18 11:00:00
0,0,2023-02-07 15:23:17.430,2023-02-08 11:00:00
0,0,2023-05-02 10:23:17.430,2023-05-02 11:00:00
0,0,2023-02-03 20:47:26.430,2023-02-04 11:00:00
0,0,2023-01-30 20:13:29.280,2023-01-31 11:00:00
0,0,2023-02-05 13:48:32.130,2023-02-06 11:00:00
0,-1,2023-04-27 11:25:39.810,2023-04-27 11:00:00
0,0,2023-02-06 12:11:49.380,2023-02-07 11:00:00
0,0,2023-06-04 16:09:43.380,2023-06-05 11:00:00
0,0,2023-02-06 21:18:12.330,2023-02-07 11:00:00
0,0,2023-07-10 10:18:50.805,2023-07-10 11:00:00
0,0,2023-05-16 15:30:52.155,2023-05-17 11:00:00
0,0,2023-05-12 16:44:55.545,2023-05-13 11:00:00
0,0,2023-03-27 12:03:48.825,2023-03-28 11:00:00
0,0,2023-05-23 10:50:04.560,2023-05-23 11:00:00
0,-1,2023-02-05 11:01:12.900,2023-02-05 11:00:00
-1,-1,2023-02-04 15:28:11.910,2023-02-04 11:00:00
0,0,2023-03-29 15:51:43.200,2023-03-30 11:00:00
0,0,2023-07-01 12:34:58.890,2023-07-02 11:00:00
0,0,2023-03-28 16:02:45.960,2023-03-29 11:00:00
0,0,2023-02-28 13:22:02.730,2023-03-01 11:00:00
0,-1,2023-02-11 11:55:46.560,2023-02-11 11:00:00
0,0,2023-06-22 16:01:22.440,2023-06-23 11:00:00
0,-1,2023-03-17 11:31:54.930,2023-03-17 11:00:00
0,0,2023-02-02 21:10:23.880,2023-02-03 11:00:00
0,0,2023-03-06 13:05:46.995,2023-03-07 11:00:00
0,0,2023-03-01 15:52:59.970,2023-03-02 11:00:00
0,0,2023-03-14 15:31:38.010,2023-03-15 11:00:00
0,0,2023-03-15 10:38:05.865,2023-03-15 11:00:00
0,-1,2023-03-24 11:38:40.110,2023-03-24 11:00:00
0,0,2023-03-20 15:44:22.110,2023-03-21 11:00:00
0,0,2023-06-28 13:50:51.360,2023-06-29 11:00:00
0,0,2023-04-05 15:28:04.890,2023-04-06 11:00:00
0,0,2023-02-06 18:11:40.110,2023-02-07 11:00:00
0,0,2023-05-06 15:05:48.075,2023-05-07 11:00:00
0,0,2023-07-10 10:19:15.330,2023-07-10 11:00:00
0,0,2023-02-02 09:52:09.705,2023-02-02 11:00:00
0,-1,2023-03-14 11:43:56.865,2023-03-14 11:00:00
0,0,2023-02-03 18:07:04.350,2023-02-04 11:00:00
0,-1,2023-03-20 11:48:26.505,2023-03-20 11:00:00
0,0,2023-05-19 10:28:31.260,2023-05-19 11:00:00
0,0,2023-02-05 15:26:55.140,2023-02-06 11:00:00
0,0,2023-02-04 12:14:58.650,2023-02-05 11:00:00
0,0,2023-02-03 14:22:14.970,2023-02-04 11:00:00
0,0,2023-02-21 18:09:06.435,2023-02-22 11:00:00
0,0,2023-02-05 13:12:23.850,2023-02-06 11:00:00
0,0,2023-07-01 12:01:22.665,2023-07-02 11:00:00
0,0,2023-03-01 14:08:33.990,2023-03-02 11:00:00
0,0,2023-04-10 17:41:32.010,2023-04-11 11:00:00
0,0,2023-03-14 13:03:13.185,2023-03-15 11:00:00
0,0,2023-05-16 10:35:48.525,2023-05-16 11:00:00
0,0,2023-03-21 13:05:47.580,2023-03-22 11:00:00
0,0,2023-06-01 14:57:31.815,2023-06-02 11:00:00
0,0,2023-02-15 17:36:34.065,2023-02-16 11:00:00
0,0,2023-07-02 13:55:14.880,2023-07-03 11:00:00
0,0,2023-04-08 13:14:25.395,2023-04-09 11:00:00
0,0,2023-04-07 13:25:03.450,2023-04-08 11:00:00
0,-1,2023-03-19 11:29:51.855,2023-03-19 11:00:00
0,0,2023-04-14 17:46:35.715,2023-04-15 11:00:00
0,0,2023-05-12 16:01:28.335,2023-05-13 11:00:00
0,0,2023-04-26 09:22:18.525,2023-04-26 11:00:00
0,0,2023-02-04 17:22:38.370,2023-02-05 11:00:00
0,0,2023-02-08 20:13:47.730,2023-02-09 11:00:00
0,0,2023-03-08 10:56:12.885,2023-03-08 11:00:00
0,-1,2023-02-05 11:47:03.930,2023-02-05 11:00:00
0,0,2023-02-24 15:49:49.440,2023-02-25 11:00:00
0,0,2023-06-23 15:36:54.765,2023-06-24 11:00:00
0,0,2023-05-18 15:44:49.740,2023-05-19 11:00:00
-1,-1,2023-04-06 13:50:19.545,2023-04-06 11:00:00
0,0,2023-02-06 14:56:32.595,2023-02-07 11:00:00
0,0,2023-02-10 10:54:37.395,2023-02-10 11:00:00
0,0,2023-06-20 16:48:11.610,2023-06-21 11:00:00
0,0,2023-02-13 19:05:43.980,2023-02-14 11:00:00
0,0,2023-02-16 15:56:09.420,2023-02-17 11:00:00
0,-1,2023-06-12 11:51:41.400,2023-06-12 11:00:00
0,0,2023-05-07 20:54:11.790,2023-05-08 11:00:00
0,0,2023-06-11 15:49:54.570,2023-06-12 11:00:00
0,0,2023-02-05 12:07:33.870,2023-02-06 11:00:00
0,0,2023-02-04 12:33:56.925,2023-02-05 11:00:00
0,0,2023-02-25 10:01:24.015,2023-02-25 11:00:00
0,0,2023-06-24 22:21:37.485,2023-06-25 11:00:00
-1,-1,2023-02-15 09:53:14.145,2023-02-14 11:00:00
0,0,2023-03-24 22:05:43.980,2023-03-25 11:00:00
0,0,2023-02-15 16:59:51.270,2023-02-16 11:00:00
-1,-1,2023-02-05 12:40:44.535,2023-02-05 11:00:00
0,0,2023-03-08 19:17:55.905,2023-03-09 11:00:00
0,0,2023-04-16 19:28:01.650,2023-04-17 11:00:00
-1,-1,2023-02-08 16:26:56.400,2023-02-08 11:00:00
0,0,2023-05-12 13:57:27.810,2023-05-13 11:00:00
0,0,2023-03-07 09:14:55.905,2023-03-07 11:00:00
0,0,2023-04-19 12:15:42.120,2023-04-20 11:00:00
0,0,2023-06-27 19:41:04.470,2023-06-28 11:00:00
0,0,2023-06-20 20:57:45.720,2023-06-21 11:00:00
0,0,2023-03-22 18:11:22.965,2023-03-23 11:00:00
0,0,2023-02-24 20:23:43.170,2023-02-25 11:00:00
0,0,2023-02-07 17:22:00.615,2023-02-08 11:00:00
0,-1,2023-07-10 11:29:44.880,2023-07-10 11:00:00
0,-1,2023-02-25 11:47:12.975,2023-02-25 11:00:00
0,0,2023-03-06 12:42:32.580,2023-03-07 11:00:00
-1,-1,2023-07-02 16:30:52.155,2023-07-02 11:00:00
0,0,2023-03-01 12:21:32.715,2023-03-02 11:00:00
0,0,2023-02-07 10:57:31.815,2023-02-07 11:00:00
0,0,2023-03-08 12:57:52.065,2023-03-09 11:00:00
0,-1,2023-02-10 11:32:13.965,2023-02-10 11:00:00
0,0,2023-07-22 10:20:27.195,2023-07-22 11:00:00
-1,-1,2023-02-10 21:46:55.920,2023-02-10 11:00:00
0,0,2023-03-13 21:50:12.480,2023-03-14 11:00:00
0,0,2023-04-14 15:00:27.855,2023-04-15 11:00:00
0,0,2023-06-19 10:54:08.685,2023-06-19 11:00:00
0,0,2023-07-12 10:32:15.855,2023-07-12 11:00:00
0,0,2023-06-17 10:39:04.050,2023-06-17 11:00:00
0,0,2023-02-16 10:48:26.505,2023-02-16 11:00:00
-1,-1,2023-05-23 10:19:34.815,2023-05-22 11:00:00
0,0,2023-05-08 17:14:07.980,2023-05-09 11:00:00
0,0,2023-07-27 16:25:06.060,2023-07-28 11:00:00
0,0,2023-04-12 14:17:19.680,2023-04-13 11:00:00
0,-1,2023-02-22 11:05:25.890,2023-02-22 11:00:00
0,0,2023-02-23 13:05:43.980,2023-02-24 11:00:00
0,0,2023-04-06 12:35:55.455,2023-04-07 11:00:00
0,0,2023-07-16 15:27:51.570,2023-07-17 11:00:00
0,-1,2023-03-30 11:06:38.025,2023-03-30 11:00:00
0,0,2023-03-13 21:11:59.145,2023-03-14 11:00:00
-1,-1,2023-03-06 18:18:11.925,2023-03-06 11:00:00
-1,-1,2023-05-22 09:43:37.065,2023-05-21 11:00:00
-1,-1,2023-02-22 18:51:41.400,2023-02-22 11:00:00
0,0,2023-03-16 12:43:43.365,2023-03-17 11:00:00
0,0,2023-02-14 16:01:28.335,2023-02-15 11:00:00
0,0,2023-03-26 10:20:28.095,2023-03-26 11:00:00
0,0,2023-05-26 16:08:58.695,2023-05-27 11:00:00
0,0,2023-02-13 15:51:44.640,2023-02-14 11:00:00
0,0,2023-04-05 20:08:33.990,2023-04-06 11:00:00
0,-1,2023-04-04 11:37:17.310,2023-04-04 11:00:00
0,0,2023-04-14 19:36:54.765,2023-04-15 11:00:00
0,0,2023-02-27 10:32:13.965,2023-02-27 11:00:00
0,-1,2023-02-17 11:25:37.425,2023-02-17 11:00:00
0,0,2023-02-25 10:38:07.575,2023-02-25 11:00:00
0,0,2023-03-05 14:30:45.630,2023-03-06 11:00:00
0,0,2023-03-01 15:56:18.375,2023-03-02 11:00:00
0,0,2023-02-07 15:42:38.655,2023-02-08 11:00:00
0,0,2023-05-04 17:44:24.450,2023-05-05 11:00:00
0,-1,2023-05-02 11:22:09.525,2023-05-02 11:00:00
0,0,2023-04-04 16:02:57.300,2023-04-05 11:00:00
0,0,2023-02-23 18:39:37.575,2023-02-24 11:00:00
0,0,2023-03-11 18:49:14.970,2023-03-12 11:00:00
0,0,2023-03-13 10:50:50.820,2023-03-13 11:00:00
0,0,2023-03-30 22:00:18.360,2023-03-31 11:00:00
0,0,2023-02-09 13:27:42.795,2023-02-10 11:00:00
0,0,2023-07-21 15:57:24.300,2023-07-22 11:00:00
0,0,2023-02-28 10:27:17.775,2023-02-28 11:00:00
0,0,2023-05-29 18:20:27.195,2023-05-30 11:00:00
0,0,2023-02-09 16:08:33.990,2023-02-10 11:00:00
0,0,2023-05-27 15:11:28.050,2023-05-28 11:00:00
0,0,2023-04-30 16:15:02.295,2023-05-01 11:00:00
0,0,2023-02-17 09:44:37.365,2023-02-17 11:00:00
0,-1,2023-02-10 11:39:37.575,2023-02-10 11:00:00
0,0,2023-04-23 20:49:38.595,2023-04-24 11:00:00
0,0,2023-02-21 13:13:24.870,2023-02-22 11:00:00
0,0,2023-03-25 13:51:22.500,2023-03-26 11:00:00
0,0,2023-05-08 17:09:30.510,2023-05-09 11:00:00
0,0,2023-02-19 19:11:59.145,2023-02-20 11:00:00
0,0,2023-02-23 20:26:49.650,2023-02-24 11:00:00
0,-1,2023-03-06 11:40:19.155,2023-03-06 11:00:00
0,0,2023-03-10 20:25:07.185,2023-03-11 11:00:00
0,0,2023-04-26 09:37:10.740,2023-04-26 11:00:00
0,0,2023-03-07 14:14:28.815,2023-03-08 11:00:00
0,0,2023-03-14 10:04:03.450,2023-03-14 11:00:00
0,0,2023-07-17 10:42:49.860,2023-07-17 11:00:00
0,0,2023-07-26 18:54:24.165,2023-07-27 11:00:00
0,0,2023-02-16 14:00:36.720,2023-02-17 11:00:00
0,0,2023-02-14 17:21:37.395,2023-02-15 11:00:00
0,0,2023-07-08 13:20:14.685,2023-07-09 11:00:00
0,-1,2023-02-19 11:18:01.080,2023-02-19 11:00:00
0,0,2023-05-15 12:54:45.855,2023-05-16 11:00:00
0,0,2023-03-01 19:12:49.365,2023-03-02 11:00:00
0,-1,2023-02-11 11:51:41.400,2023-02-11 11:00:00
0,0,2023-03-17 16:02:03.480,2023-03-18 11:00:00
0,0,2023-02-12 18:53:20.850,2023-02-13 11:00:00
0,-1,2023-02-09 11:09:43.380,2023-02-09 11:00:00
0,0,2023-04-22 15:30:48.960,2023-04-23 11:00:00
0,0,2023-07-17 16:33:55.890,2023-07-18 11:00:00
0,0,2023-07-02 10:50:25.845,2023-07-02 11:00:00
0,0,2023-05-04 16:54:07.785,2023-05-05 11:00:00
0,0,2023-05-17 12:48:01.935,2023-05-18 11:00:00
0,0,2023-02-10 10:00:16.245,2023-02-10 11:00:00
0,0,2023-04-16 16:58:03.945,2023-04-17 11:00:00
0,0,2023-03-17 18:22:18.525,2023-03-18 11:00:00
0,0,2023-05-06 13:03:35.415,2023-05-07 11:00:00
0,0,2023-03-01 09:39:34.965,2023-03-01 11:00:00
0,0,2023-07-20 19:53:15.000,2023-07-21 11:00:00
0,0,2023-03-04 12:11:17.745,2023-03-05 11:00:00
0,0,2023-07-18 14:11:18.825,2023-07-19 11:00:00
0,0,2023-02-13 19:29:34.575,2023-02-14 11:00:00
0,0,2023-02-20 18:30:21.015,2023-02-21 11:00:00
0,0,2023-03-06 17:29:05.775,2023-03-07 11:00:00
0,0,2023-02-19 20:36:20.070,2023-02-20 11:00:00
0,0,2023-04-19 18:59:27.555,2023-04-20 11:00:00
0,-1,2023-05-03 11:39:46.125,2023-05-03 11:00:00
-1,-1,2023-04-10 14:06:37.170,2023-04-10 11:00:00
0,0,2023-04-01 10:19:04.890,2023-04-01 11:00:00
0,0,2023-02-09 18:20:02.715,2023-02-10 11:00:00
0,0,2023-04-25 13:50:45.735,2023-04-26 11:00:00
0,0,2023-02-24 14:29:05.775,2023-02-25 11:00:00
0,0,2023-03-05 13:28:27.435,2023-03-06 11:00:00
0,0,2023-02-13 10:59:41.190,2023-02-13 11:00:00
0,0,2023-05-23 14:43:54.615,2023-05-24 11:00:00
0,0,2023-02-19 17:20:24.720,2023-02-20 11:00:00
0,0,2023-05-24 13:57:17.775,2023-05-25 11:00:00
0,0,2023-04-07 21:00:10.035,2023-04-08 11:00:00
0,0,2023-07-12 09:57:30.060,2023-07-12 11:00:00
0,-1,2023-02-23 11:32:13.965,2023-02-23 11:00:00
0,0,2023-02-13 12:40:26.985,2023-02-14 11:00:00
0,0,2023-02-15 20:39:11.205,2023-02-16 11:00:00
0,0,2023-05-01 17:17:54.330,2023-05-02 11:00:00
0,0,2023-04-04 21:23:25.530,2023-04-05 11:00:00
0,0,2023-02-24 16:11:17.745,2023-02-25 11:00:00
0,0,2023-07-11 12:19:42.690,2023-07-12 11:00:00
0,0,2023-03-03 12:21:32.715,2023-03-04 11:00:00
0,0,2023-04-08 15:31:43.680,2023-04-09 11:00:00
0,0,2023-03-15 16:07:33.735,2023-03-16 11:00:00
0,0,2023-03-29 13:02:49.245,2023-03-30 11:00:00
0,0,2023-02-25 10:42:34.020,2023-02-25 11:00:00
0,-1,2023-02-20 11:42:07.245,2023-02-20 11:00:00
0,0,2023-07-11 20:10:28.110,2023-07-12 11:00:00
0,0,2023-02-19 13:57:24.300,2023-02-20 11:00:00
0,0,2023-02-15 15:35:36.375,2023-02-16 11:00:00
0,0,2023-04-12 13:38:05.865,2023-04-13 11:00:00
0,-1,2023-04-28 11:39:46.530,2023-04-28 11:00:00
0,0,2023-06-18 09:52:01.650,2023-06-18 11:00:00
0,0,2023-02-23 10:22:52.815,2023-02-23 11:00:00
-1,-1,2023-02-18 12:51:20.475,2023-02-18 11:00:00
0,0,2023-02-14 12:51:04.815,2023-02-15 11:00:00
0,0,2023-02-17 15:56:24.900,2023-02-18 11:00:00
0,0,2023-04-17 12:21:47.925,2023-04-18 11:00:00
0,0,2023-03-30 12:57:40.050,2023-03-31 11:00:00
0,0,2023-05-11 14:11:55.140,2023-05-12 11:00:00
0,0,2023-06-23 12:43:43.365,2023-06-24 11:00:00
0,0,2023-02-28 10:28:04.890,2023-02-28 11:00:00
0,0,2023-02-24 13:54:35.865,2023-02-25 11:00:00
0,0,2023-02-21 09:40:42.510,2023-02-21 11:00:00
0,0,2023-03-02 21:42:18.180,2023-03-03 11:00:00
0,-1,2023-03-16 11:33:12.465,2023-03-16 11:00:00
0,0,2023-03-15 17:52:11.685,2023-03-16 11:00:00
0,0,2023-03-05 19:54:53.100,2023-03-06 11:00:00
0,0,2023-05-19 20:34:48.675,2023-05-20 11:00:00
0,0,2023-03-03 12:25:39.810,2023-03-04 11:00:00
-1,-1,2023-05-29 19:30:09.945,2023-05-29 11:00:00
0,0,2023-04-20 13:57:17.775,2023-04-21 11:00:00
0,0,2023-04-22 15:23:25.530,2023-04-23 11:00:00
0,0,2023-04-04 15:09:06.435,2023-04-05 11:00:00
0,0,2023-06-22 09:54:05.085,2023-06-22 11:00:00
0,0,2023-04-28 09:50:18.420,2023-04-28 11:00:00
0,-1,2023-03-15 11:42:32.580,2023-03-15 11:00:00
0,0,2023-02-18 16:17:48.255,2023-02-19 11:00:00
0,-1,2023-02-22 11:48:44.235,2023-02-22 11:00:00
0,0,2023-06-28 18:26:27.825,2023-06-29 11:00:00
0,0,2023-03-24 18:56:12.885,2023-03-25 11:00:00
0,0,2023-07-17 18:54:53.100,2023-07-18 11:00:00
0,0,2023-07-06 09:37:36.345,2023-07-06 11:00:00
0,0,2023-04-07 09:50:28.005,2023-04-07 11:00:00
0,0,2023-03-25 12:10:12.720,2023-03-26 11:00:00
0,-1,2023-03-24 11:05:59.145,2023-03-24 11:00:00
0,0,2023-03-14 09:14:55.140,2023-03-14 11:00:00
0,0,2023-02-22 09:39:11.880,2023-02-22 11:00:00
0,0,2023-03-23 17:19:53.175,2023-03-24 11:00:00
0,0,2023-05-03 10:13:40.665,2023-05-03 11:00:00
0,0,2023-06-01 13:42:13.050,2023-06-02 11:00:00
0,0,2023-02-21 14:12:48.600,2023-02-22 11:00:00
0,0,2023-02-21 13:54:35.865,2023-02-22 11:00:00
0,0,2023-03-07 17:54:35.865,2023-03-08 11:00:00
0,-1,2023-05-17 11:18:47.745,2023-05-17 11:00:00
0,0,2023-02-23 22:21:56.520,2023-02-24 11:00:00
0,0,2023-03-14 14:40:44.535,2023-03-15 11:00:00
0,0,2023-05-30 16:09:20.160,2023-05-31 11:00:00
0,-1,2023-03-15 11:51:53.910,2023-03-15 11:00:00
-1,-1,2023-02-25 18:56:32.325,2023-02-25 11:00:00
0,0,2023-07-06 21:00:54.405,2023-07-07 11:00:00
0,0,2023-03-15 18:52:45.930,2023-03-16 11:00:00
0,0,2023-02-20 10:12:49.365,2023-02-20 11:00:00
0,0,2023-03-25 15:04:25.725,2023-03-26 11:00:00
0,0,2023-02-20 13:40:12.810,2023-02-21 11:00:00
0,-1,2023-02-24 11:04:16.590,2023-02-24 11:00:00
-1,-1,2023-03-31 15:29:50.100,2023-03-31 11:00:00
0,0,2023-03-11 18:22:36.345,2023-03-12 11:00:00
0,0,2023-04-03 10:15:12.870,2023-04-03 11:00:00
0,0,2023-04-22 13:04:39.180,2023-04-23 11:00:00
0,0,2023-02-21 16:07:47.865,2023-02-22 11:00:00
0,0,2023-03-26 21:09:01.665,2023-03-27 11:00:00
0,0,2023-02-23 16:33:13.725,2023-02-24 11:00:00
0,0,2023-04-08 17:18:48.105,2023-04-09 11:00:00
0,0,2023-04-03 10:30:21.015,2023-04-03 11:00:00
0,0,2023-04-30 16:03:03.060,2023-05-01 11:00:00
0,-1,2023-02-23 11:42:49.050,2023-02-23 11:00:00
-1,-1,2023-04-12 12:22:57.855,2023-04-12 11:00:00
0,0,2023-03-15 23:08:09.195,2023-03-16 11:00:00
0,-1,2023-02-20 11:25:39.495,2023-02-20 11:00:00
0,0,2023-03-27 12:51:12.780,2023-03-28 11:00:00
0,0,2023-02-27 21:01:41.745,2023-02-28 11:00:00
0,0,2023-03-11 12:43:43.365,2023-03-12 11:00:00
0,0,2023-03-08 09:59:12.075,2023-03-08 11:00:00
0,0,2023-03-16 18:15:47.655,2023-03-17 11:00:00
-1,-2,2023-02-21 11:08:20.175,2023-02-20 11:00:00
0,0,2023-04-21 19:21:56.520,2023-04-22 11:00:00
0,0,2023-04-27 19:25:50.745,2023-04-28 11:00:00
0,0,2023-03-08 10:34:57.990,2023-03-08 11:00:00
0,0,2023-02-24 16:40:15.870,2023-02-25 11:00:00
0,0,2023-05-10 10:29:50.100,2023-05-10 11:00:00
0,0,2023-02-23 15:56:45.960,2023-02-24 11:00:00
0,0,2023-03-28 18:49:58.035,2023-03-29 11:00:00
0,0,2023-02-22 15:47:03.930,2023-02-23 11:00:00
0,0,2023-02-25 14:20:20.760,2023-02-26 11:00:00
0,0,2023-04-10 16:11:22.335,2023-04-11 11:00:00
0,0,2023-02-27 13:05:51.765,2023-02-28 11:00:00
0,0,2023-05-28 13:32:59.820,2023-05-29 11:00:00
0,0,2023-06-26 19:22:10.200,2023-06-27 11:00:00
0,0,2023-04-06 14:44:13.470,2023-04-07 11:00:00
0,0,2023-03-15 10:11:04.785,2023-03-15 11:00:00
0,0,2023-04-05 09:40:51.105,2023-04-05 11:00:00
0,0,2023-06-11 10:42:40.005,2023-06-11 11:00:00
0,0,2023-02-24 16:21:45.000,2023-02-25 11:00:00
-1,-1,2023-05-02 10:05:37.230,2023-05-01 11:00:00
-1,-1,2023-02-27 09:22:14.970,2023-02-26 11:00:00
0,0,2023-02-25 15:27:41.400,2023-02-26 11:00:00
0,0,2023-03-19 12:15:42.120,2023-03-20 11:00:00
0,0,2023-04-15 19:12:01.215,2023-04-16 11:00:00
0,0,2023-05-10 12:45:31.320,2023-05-11 11:00:00
0,0,2023-04-16 16:26:36.150,2023-04-17 11:00:00
0,0,2023-02-27 15:12:04.095,2023-02-28 11:00:00
0,0,2023-02-24 15:50:57.390,2023-02-25 11:00:00
0,0,2023-05-30 18:39:27.540,2023-05-31 11:00:00
0,0,2023-03-02 13:38:55.770,2023-03-03 11:00:00
0,0,2023-07-14 13:54:23.850,2023-07-15 11:00:00
0,0,2023-04-04 12:56:12.885,2023-04-05 11:00:00
0,0,2023-03-29 09:33:37.845,2023-03-29 11:00:00
0,-1,2023-03-12 11:50:02.940,2023-03-12 11:00:00
0,0,2023-02-27 16:57:31.860,2023-02-28 11:00:00
0,0,2023-03-17 14:54:10.395,2023-03-18 11:00:00
0,0,2023-07-02 13:58:03.945,2023-07-03 11:00:00
0,0,2023-03-03 14:33:56.115,2023-03-04 11:00:00
0,0,2023-04-04 13:56:32.595,2023-04-05 11:00:00
0,0,2023-03-11 21:03:35.415,2023-03-12 11:00:00
-1,-1,2023-02-28 12:29:44.520,2023-02-28 11:00:00
0,0,2023-04-19 18:05:04.200,2023-04-20 11:00:00
0,0,2023-06-29 12:34:52.680,2023-06-30 11:00:00
0,0,2023-05-05 15:15:56.520,2023-05-06 11:00:00
0,0,2023-04-06 16:31:32.970,2023-04-07 11:00:00
0,0,2023-03-01 14:54:23.850,2023-03-02 11:00:00
0,0,2023-02-27 12:55:19.875,2023-02-28 11:00:00
0,0,2023-06-11 13:59:51.540,2023-06-12 11:00:00
0,0,2023-07-21 15:17:20.625,2023-07-22 11:00:00
0,0,2023-03-15 18:20:10.185,2023-03-16 11:00:00
0,0,2023-07-21 09:30:17.010,2023-07-21 11:00:00
0,0,2023-05-10 18:00:18.720,2023-05-11 11:00:00
0,0,2023-04-20 16:49:08.265,2023-04-21 11:00:00
0,0,2023-03-11 22:05:46.995,2023-03-12 11:00:00
-1,-1,2023-06-01 13:46:25.950,2023-06-01 11:00:00
0,0,2023-05-30 10:54:37.755,2023-05-30 11:00:00
0,0,2023-03-14 09:44:15.315,2023-03-14 11:00:00
0,0,2023-04-04 09:43:43.365,2023-04-04 11:00:00
0,0,2023-06-21 10:52:38.550,2023-06-21 11:00:00
0,0,2023-03-24 17:05:17.385,2023-03-25 11:00:00
0,0,2023-03-11 18:22:34.815,2023-03-12 11:00:00
0,0,2023-03-06 18:45:01.755,2023-03-07 11:00:00
0,0,2023-04-03 16:12:01.215,2023-04-04 11:00:00
0,0,2023-03-07 10:32:13.965,2023-03-07 11:00:00
0,0,2023-06-07 12:46:25.950,2023-06-08 11:00:00
0,0,2023-07-14 19:05:07.980,2023-07-15 11:00:00
0,0,2023-05-14 20:27:09.855,2023-05-15 11:00:00
0,0,2023-03-14 12:09:01.665,2023-03-15 11:00:00
0,0,2023-03-27 15:10:12.720,2023-03-28 11:00:00
0,0,2023-07-11 18:36:28.620,2023-07-12 11:00:00
0,-1,2023-04-09 11:56:45.960,2023-04-09 11:00:00
0,0,2023-03-13 18:17:24.720,2023-03-14 11:00:00
0,-1,2023-05-19 11:47:45.825,2023-05-19 11:00:00
0,0,2023-04-09 12:50:51.360,2023-04-10 11:00:00
0,0,2023-07-13 17:54:05.085,2023-07-14 11:00:00
0,0,2023-03-22 09:52:31.125,2023-03-22 11:00:00
0,0,2023-06-13 09:50:28.005,2023-06-13 11:00:00
0,0,2023-03-08 15:20:02.715,2023-03-09 11:00:00
0,-1,2023-03-13 11:44:47.580,2023-03-13 11:00:00
0,0,2023-03-06 21:25:53.040,2023-03-07 11:00:00
0,-1,2023-07-11 11:53:23.190,2023-07-11 11:00:00
0,0,2023-03-17 13:57:38.250,2023-03-18 11:00:00
0,0,2023-05-17 20:54:16.560,2023-05-18 11:00:00
0,0,2023-04-29 15:09:21.555,2023-04-30 11:00:00
-1,-1,2023-05-30 20:20:24.720,2023-05-30 11:00:00
0,0,2023-06-09 17:11:44.970,2023-06-10 11:00:00
0,0,2023-06-16 17:21:36.540,2023-06-17 11:00:00
0,0,2023-06-06 19:00:09.585,2023-06-07 11:00:00
0,0,2023-04-12 16:10:12.720,2023-04-13 11:00:00
0,-1,2023-05-23 11:10:13.440,2023-05-23 11:00:00
0,0,2023-07-14 15:49:56.145,2023-07-15 11:00:00
0,0,2023-04-11 09:54:06.660,2023-04-11 11:00:00
0,0,2023-05-15 14:02:21.840,2023-05-16 11:00:00
0,0,2023-03-09 15:52:13.800,2023-03-10 11:00:00
0,0,2023-05-04 12:06:26.505,2023-05-05 11:00:00
0,0,2023-05-19 13:58:03.945,2023-05-20 11:00:00
0,0,2023-03-13 12:08:04.380,2023-03-14 11:00:00
0,-1,2023-04-01 11:48:21.285,2023-04-01 11:00:00
-1,-1,2023-03-17 20:56:32.010,2023-03-17 11:00:00
0,0,2023-03-28 16:29:05.775,2023-03-29 11:00:00
0,0,2023-03-25 14:12:17.280,2023-03-26 11:00:00
0,0,2023-03-14 22:30:32.490,2023-03-15 11:00:00
0,-1,2023-03-24 11:39:37.575,2023-03-24 11:00:00
0,0,2023-04-04 14:11:41.910,2023-04-05 11:00:00
0,0,2023-04-28 12:15:42.120,2023-04-29 11:00:00
0,0,2023-03-11 16:47:54.825,2023-03-12 11:00:00
0,0,2023-03-13 14:40:05.250,2023-03-14 11:00:00
0,0,2023-03-22 14:55:53.850,2023-03-23 11:00:00
0,0,2023-07-14 10:14:25.395,2023-07-14 11:00:00
0,0,2023-06-10 17:11:31.200,2023-06-11 11:00:00
0,0,2023-05-02 09:55:07.410,2023-05-02 11:00:00
0,0,2023-03-18 13:52:11.685,2023-03-19 11:00:00
0,0,2023-03-16 17:39:20.925,2023-03-17 11:00:00
0,-1,2023-07-04 11:50:21.525,2023-07-04 11:00:00
0,0,2023-03-14 21:21:17.145,2023-03-15 11:00:00
0,0,2023-04-12 12:54:59.715,2023-04-13 11:00:00
0,0,2023-03-14 13:57:24.300,2023-03-15 11:00:00
0,0,2023-06-22 13:57:24.300,2023-06-23 11:00:00
0,0,2023-07-27 16:27:17.775,2023-07-28 11:00:00
0,0,2023-04-08 15:10:33.870,2023-04-09 11:00:00
0,0,2023-07-02 18:28:41.655,2023-07-03 11:00:00
0,0,2023-04-07 18:34:20.415,2023-04-08 11:00:00
-1,-1,2023-06-07 18:37:26.085,2023-06-07 11:00:00
0,0,2023-07-09 17:20:02.715,2023-07-10 11:00:00
0,0,2023-03-15 17:45:03.600,2023-03-16 11:00:00
0,0,2023-07-09 09:50:56.985,2023-07-09 11:00:00
0,0,2023-04-14 23:11:22.965,2023-04-15 11:00:00
0,0,2023-04-08 18:43:54.615,2023-04-09 11:00:00
0,-1,2023-06-14 11:00:27.360,2023-06-14 11:00:00
0,0,2023-04-29 20:06:37.170,2023-04-30 11:00:00
0,0,2023-03-21 21:14:58.650,2023-03-22 11:00:00
-1,-1,2023-07-04 14:57:38.250,2023-07-04 11:00:00
0,0,2023-03-23 17:13:23.745,2023-03-24 11:00:00
-1,-1,2023-07-07 14:11:49.380,2023-07-07 11:00:00
-1,-1,2023-05-10 17:34:07.455,2023-05-10 11:00:00
0,-1,2023-03-22 11:18:01.080,2023-03-22 11:00:00
0,0,2023-07-03 20:13:24.870,2023-07-04 11:00:00
0,0,2023-04-25 15:02:01.725,2023-04-26 11:00:00
0,0,2023-04-08 12:29:28.995,2023-04-09 11:00:00
0,0,2023-06-01 10:20:53.115,2023-06-01 11:00:00
-1,-1,2023-07-10 14:44:02.220,2023-07-10 11:00:00
0,0,2023-03-27 13:53:14.595,2023-03-28 11:00:00
0,0,2023-06-12 09:04:45.705,2023-06-12 11:00:00
0,0,2023-03-24 15:19:20.055,2023-03-25 11:00:00
0,0,2023-04-05 18:52:19.605,2023-04-06 11:00:00
0,-1,2023-03-27 11:01:03.090,2023-03-27 11:00:00
0,0,2023-05-19 18:21:56.520,2023-05-20 11:00:00
0,0,2023-04-13 15:48:21.285,2023-04-14 11:00:00
-1,-1,2023-06-04 18:57:24.300,2023-06-04 11:00:00
0,0,2023-03-30 16:15:44.145,2023-03-31 11:00:00
0,0,2023-06-28 18:21:38.250,2023-06-29 11:00:00
0,0,2023-06-30 18:02:27.915,2023-07-01 11:00:00
0,0,2023-05-02 09:43:56.280,2023-05-02 11:00:00
0,0,2023-07-16 17:44:37.005,2023-07-17 11:00:00
0,0,2023-04-11 12:26:07.845,2023-04-12 11:00:00
0,-1,2023-07-08 11:22:14.970,2023-07-08 11:00:00
0,-1,2023-07-08 11:25:50.745,2023-07-08 11:00:00
0,-1,2023-04-20 11:26:07.845,2023-04-20 11:00:00
-1,-1,2023-05-20 13:46:41.160,2023-05-20 11:00:00
0,0,2023-04-30 15:15:56.520,2023-05-01 11:00:00
0,0,2023-04-20 15:43:38.550,2023-04-21 11:00:00
0,0,2023-04-14 15:20:14.685,2023-04-15 11:00:00
0,0,2023-04-10 17:20:02.715,2023-04-11 11:00:00
0,0,2023-06-23 18:27:07.110,2023-06-24 11:00:00
0,0,2023-07-20 21:46:36.255,2023-07-21 11:00:00
0,0,2023-05-02 17:57:45.720,2023-05-03 11:00:00
0,0,2023-04-15 21:02:41.640,2023-04-16 11:00:00
0,-1,2023-04-17 11:36:56.430,2023-04-17 11:00:00
0,-1,2023-05-24 11:51:43.200,2023-05-24 11:00:00
0,0,2023-04-25 10:28:04.890,2023-04-25 11:00:00
0,0,2023-04-27 20:34:47.280,2023-04-28 11:00:00
0,0,2023-07-17 14:58:26.220,2023-07-18 11:00:00
-1,-1,2023-06-18 09:29:35.610,2023-06-17 11:00:00
0,0,2023-07-29 16:06:07.200,2023-07-30 11:00:00
0,0,2023-06-11 19:00:18.720,2023-06-12 11:00:00
0,0,2023-04-16 13:55:13.980,2023-04-17 11:00:00
